Trade Date,Exchange Code,Asset Class,Product Code,Clearing Code,Product Description,Product Type,Underlying Product Code,Put/Call,Strike Price,Contract Year,Contract Month,Contract Day,Settlement,Settlement Cabinet Indicator,Open Interest,Total Volume,Globex Volume,Floor Volume,PNT Volume,Block Volume,EFP Volume,EOO Volume,EFR Volume,EFS Volume,EFB Volume,EFM Volume,SUB Volume,OPNT Volume,TAS Volume,TAS Block Volume,TAM Singapore Volume,TAM Singapore Block Volume,TAM London Volume,TAM London Block Volume,Globex Open Price,Globex Open Price Bid/Ask Indicator,Globex Open Price Cabinet Indicator,Globex High Price,Globex High Price Bid/Ask Indicator,Globex High Price Cabinet Indicator,Globex Low Price,Globex Low Price Bid/Ask Indicator,Globex Low Price Cabinet Indicator,Globex Close Price,Globex Close Price Bid/Ask Indicator,Globex Close Price Cabinet Indicator,Floor Open Price,Floor Open Price Bid/Ask Indicator,Floor Open Price Cabinet Indicator,Floor Open Second Price,Floor Open Second Price Bid/Ask Indicator,Floor High Price,Floor High Price Bid/Ask Indicator,Floor High Price Cabinet Indicator,Floor Low Price,Floor Low Price Bid/Ask Indicator,Floor Low Price Cabinet Indicator,Floor Close Price,Floor Close Price Bid/Ask Indicator,Floor Close Price Cabinet Indicator,Floor Close Second Price,Floor Close Second Price Bid/Ask Indicator,Floor Post-Close Price,Floor Post-Close Price Bid/Ask Indicator,Floor Post-Close Second Price,Floor Post-Close Second Price Bid/Ask Indicator,Delta,Implied Volatility,Last Trade Date
20140102,"XCBT","AGRICULTURE","3CC","3C","MAR-DEC CORN CSO","O","","C","-20","2014","03","00",6.0,"","230","0","0","0","0","0","0","0","0","0","0","0","0","0","0","0","","","","","","","","","","","","","","","","","","","","","","","","","","","","","","","","","","","","","0.16903","0.2185685","20140221",
20140102,"XCBT","AGRICULTURE","3CC","3C","MAR-DEC CORN CSO","O","","P","-30","2014","03","00",15.0,"","150","0","0","0","0","0","0","0","0","0","0","0","0","0","0","0","","","","","","","","","","","","","","","","","","","","","","","","","","","","","","","","","","","","","0.36348","0.1741072","20140221",
20140103,"XCBT","AGRICULTURE","3CC","3C","MAR-DEC CORN CSO","O","","C","-20","2014","03","00",5.0,"","230","0","0","0","0","0","0","0","0","0","0","0","0","0","0","0","","","","","","","","","","","","","","","","","","","","","","","","","","","","","","","","","","","","","0.14601","0.2201677","20140221",
20140103,"XCBT","AGRICULTURE","3CC","3C","MAR-DEC CORN CSO","O","","P","-30","2014","03","00",17.0,"","150","0","0","0","0","0","0","0","0","0","0","0","0","0","0","0","","","","","","","","","","","","","","","","","","","","","","","","","","","","","","","","","","","","","0.4065","0.1730551","20140221",
20140106,"XCBT","AGRICULTURE","3CC","3C","MAR-DEC CORN CSO","O","","C","-20","2014","03","00",6.0,"","230","0","0","0","0","0","0","0","0","0","0","0","0","0","0","0","","","","","","","","","","","","","","","","","","","","","","","","","","","","","","","","","","","","","0.17169","0.2229711","20140221",
20140106,"XCBT","AGRICULTURE","3CC","3C","MAR-DEC CORN CSO","O","","P","-30","2014","03","00",14.0,"","150","0","0","0","0","0","0","0","0","0","0","0","0","0","0","0","","","","","","","","","","","","","","","","","","","","","","","","","","","","","","","","","","","","","0.34675","0.1786845","20140221",
20140107,"XCBT","AGRICULTURE","3CC","3C","MAR-DEC CORN CSO","O","","C","-20","2014","03","00",5.0,"","230","0","0","0","0","0","0","0","0","0","0","0","0","0","0","0","","","","","","","","","","","","","","","","","","","","","","","","","","","","6","N","","","","","","","","0.15885","0.2066495","20140221",
20140107,"XCBT","AGRICULTURE","3CC","3C","MAR-DEC CORN CSO","O","","P","-30","2014","03","00",14.0,"","150","0","0","0","0","0","0","0","0","0","0","0","0","0","0","0","","","","","","","","","","","","","","","","","","","","","","","","","","","","14","N","","","","","","","","0.33783","0.1871968","20140221",
20140108,"XCBT","AGRICULTURE","3CC","3C","MAR-DEC CORN CSO","O","","C","-20","2014","03","00",4.0,"","230","0","0","0","0","0","0","0","0","0","0","0","0","0","0","0","","","","","","","","","","","","","","","","","","","","","","","","","","","","","","","","","","","","","0.12444","0.2248085","20140221",
20140108,"XCBT","AGRICULTURE","3CC","3C","MAR-DEC CORN CSO","O","","P","-30","2014","03","00",20.0,"","150","0","0","0","0","0","0","0","0","0","0","0","0","0","0","0","","","","","","","","","","","","","","","","","","","","","","","","","","","","","","","","","","","","","0.43507","0.176175","20140221",
20140109,"XCBT","AGRICULTURE","3CC","3C","MAR-DEC CORN CSO","O","","C","-20","2014","03","00",1.0,"","230","0","0","0","0","0","0","0","0","0","0","0","0","0","0","0","","","","","","","","","","","","","","","","","","","","","","","","","","","","","","","","","","","","","0.05019","0.1640308","20140221",
20140109,"XCBT","AGRICULTURE","3CC","3C","MAR-DEC CORN CSO","O","","P","-30","2014","03","00",20.0,"","150","0","0","0","0","0","0","0","0","0","0","0","0","0","0","0","","","","","","","","","","","","","","","","","","","","","","","","","","","","","","","","","","","","","0.44889","0.1700945","20140221",
20140110,"XCBT","AGRICULTURE","3CC","3C","MAR-DEC CORN CSO","O","","C","-20","2014","03","00",7.0,"","230","0","0","0","0","0","0","0","0","0","0","0","0","0","0","0","","","","","","","","","","","","","","","","","","","","","","","","","","","","","","","","","","","","","0.21467","0.2051502","20140221",
20140110,"XCBT","AGRICULTURE","3CC","3C","MAR-DEC CORN CSO","O","","P","-30","2014","03","00",10.0,"","150","0","0","0","0","0","0","0","0","0","0","0","0","0","0","0","","","","","","","","","","","","","","","","","","","","","","","","","","","","","","","","","","","","","0.24797","0.1948268","20140221",
20140113,"XCBT","AGRICULTURE","3CC","3C","MAR-DEC CORN CSO","O","","C","-20","2014","03","00",10.0,"","230","0","0","0","0","0","0","0","0","0","0","0","0","0","0","0","","","","","","","","","","","","","","","","","","","","","","","","","","","","","","","","","","","","","0.25975","0.1899768","20140221",
20140113,"XCBT","AGRICULTURE","3CC","3C","MAR-DEC CORN CSO","O","","P","-30","2014","03","00",4.0,"","150","0","0","0","0","0","0","0","0","0","0","0","0","0","0","0","","","","","","","","","","","","","","","","","","","","","","","","","","","","","","","","","","","","","0.15561","0.1812591","20140221",
20140114,"XCBT","AGRICULTURE","3CC","3C","MAR-DEC CORN CSO","O","","C","-20","2014","03","00",10.0,"","230","0","0","0","0","0","0","0","0","0","0","0","0","0","0","0","","","","","","","","","","","","","","","","","","","","","","","","","","","","","","","","","","","","","0.2477","0.2045741","20140221",
20140114,"XCBT","AGRICULTURE","3CC","3C","MAR-DEC CORN CSO","O","","P","-30","2014","03","00",6.0,"","150","0","0","0","0","0","0","0","0","0","0","0","0","0","0","0","","","","","","","","","","","","","","","","","","","","","","","","","","","","","","","","","","","","","0.19955","0.2021474","20140221",
20140115,"XCBT","AGRICULTURE","3CC","3C","MAR-DEC CORN CSO","O","","C","-20","2014","03","00",6.0,"","230","0","0","0","0","0","0","0","0","0","0","0","0","0","0","0","","","","","","","","","","","","","","","","","","","","","","","","","","","","","","","","","","","","","0.19947","0.2047899","20140221",
20140115,"XCBT","AGRICULTURE","3CC","3C","MAR-DEC CORN CSO","O","","P","-30","2014","03","00",7.0,"","150","0","0","0","0","0","0","0","0","0","0","0","0","0","0","0","","","","","","","","","","","","","","","","","","","","","","","","","","","","","","","","","","","","","0.23416","0.1948944","20140221",
20140116,"XCBT","AGRICULTURE","3CC","3C","MAR-DEC CORN CSO","O","","C","-20","2014","03","00",10.0,"","230","0","0","0","0","0","0","0","0","0","0","0","0","0","0","0","","","","","","","","","","","","","","","","","","","","","","","","","","","","","","","","","","","","","0.25335","0.2038141","20140221",
20140116,"XCBT","AGRICULTURE","3CC","3C","MAR-DEC CORN CSO","O","","P","-30","2014","03","00",5.0,"","150","0","0","0","0","0","0","0","0","0","0","0","0","0","0","0","","","","","","","","","","","","","","","","","","","","","","","","","","","","","","","","","","","","","0.1784","0.1986922","20140221",
20140117,"XCBT","AGRICULTURE","3CC","3C","MAR-DEC CORN CSO","O","","C","-20","2014","03","00",6.0,"","230","0","0","0","0","0","0","0","0","0","0","0","0","0","0","0","","","","","","","","","","","","","","","","","","","","","","","","","","","","","","","","","","","","","0.20842","0.1988677","20140221",
20140117,"XCBT","AGRICULTURE","3CC","3C","MAR-DEC CORN CSO","O","","P","-30","2014","03","00",6.0,"","150","0","0","0","0","0","0","0","0","0","0","0","0","0","0","0","","","","","","","","","","","","","","","","","","","","","","","","","","","","","","","","","","","","","0.20842","0.1988677","20140221",
20140121,"XCBT","AGRICULTURE","3CC","3C","MAR-DEC CORN CSO","O","","C","-20","2014","03","00",14.0,"","230","0","0","0","0","0","0","0","0","0","0","0","0","0","0","0","","","","","","","","","","","","","","","","","","","","","","","","","","","","","","","","","","","","","0.36598","0.2003628","20140221",
20140121,"XCBT","AGRICULTURE","3CC","3C","MAR-DEC CORN CSO","O","","P","-30","2014","03","00",3.0,"","150","0","0","0","0","0","0","0","0","0","0","0","0","0","0","0","","","","","","","","","","","","","","","","","","","","","","","","","","","","","","","","","","","","","0.11156","0.2253253","20140221",
20140122,"XCBT","AGRICULTURE","3CC","3C","MAR-DEC CORN CSO","O","","C","-20","2014","03","00",20.0,"","230","0","0","0","0","0","0","0","0","0","0","0","0","0","0","0","","","","","","","","","","","","","","","","","","","","","","","","","","","","","","","","","","","","","0.42202","0.2216424","20140221",
20140122,"XCBT","AGRICULTURE","3CC","3C","MAR-DEC CORN CSO","O","","P","-30","2014","03","00",2.0,"","150","0","0","0","0","0","0","0","0","0","0","0","0","0","0","0","","","","","","","","","","","","","","","","","","","","","","","","","","","","","","","","","","","","","0.08184","0.2191331","20140221",
20140123,"XCBT","AGRICULTURE","3CC","3C","MAR-DEC CORN CSO","O","","C","-20","2014","03","00",23.0,"","230","0","0","0","0","0","0","0","0","0","0","0","0","0","0","0","","","","","","","","","","","","","","","","","","","","","","","","","","","","","","","","","","","","","0.4838","0.2184086","20140221",
20140123,"XCBT","AGRICULTURE","3CC","3C","MAR-DEC CORN CSO","O","","P","-30","2014","03","00",1.0,"","150","0","0","0","0","0","0","0","0","0","0","0","0","0","0","0","","","","","","","","","","","","","","","","","","","","","","","","","","","","","","","","","","","","","0.04748","0.2071481","20140221",
20140124,"XCBT","AGRICULTURE","3CC","3C","MAR-DEC CORN CSO","O","","C","-20","2014","03","00",22.0,"","230","0","0","0","0","0","0","0","0","0","0","0","0","0","0","0","","","","","","","","","","","","","","","","","","","","","","","","","","","","","","","","","","","","","0.5","0.2000875","20140221",
20140124,"XCBT","AGRICULTURE","3CC","3C","MAR-DEC CORN CSO","O","","P","-30","2014","03","00",1.0,"","150","0","0","0","0","0","0","0","0","0","0","0","0","0","0","0","","","","","","","","","","","","","","","","","","","","","","","","","","","","","","","","","","","","","0.04654","0.2149871","20140221",
20140127,"XCBT","AGRICULTURE","3CC","3C","MAR-DEC CORN CSO","O","","C","-20","2014","03","00",20.0,"","230","0","0","0","0","0","0","0","0","0","0","0","0","0","0","0","","","","","","","","","","","","","","","","","","","","","","","","","","","","","","","","","","","","","0.44848","0.2212737","20140221",
20140127,"XCBT","AGRICULTURE","3CC","3C","MAR-DEC CORN CSO","O","","P","-30","2014","03","00",1.0,"","150","0","0","0","0","0","0","0","0","0","0","0","0","0","0","0","","","","","","","","","","","","","","","","","","","","","","","","","","","","","","","","","","","","","0.04883","0.2133856","20140221",
20140128,"XCBT","AGRICULTURE","3CC","3C","MAR-DEC CORN CSO","O","","C","-20","2014","03","00",30.0,"","230","0","0","0","0","0","0","0","0","0","0","0","0","0","0","0","","","","","","","","","","","","","","","","","","","","","","","","","","","","","","","","","","","","","0.58676","0.2223631","20140221",
20140128,"XCBT","AGRICULTURE","3CC","3C","MAR-DEC CORN CSO","O","","P","-30","2014","03","00",1.0,"","150","0","0","0","0","0","0","0","0","0","0","0","0","0","0","0","","","","","","","","","","","","","","","","","","","","","","","","","","","","","","","","","","","","","0.04234","0.2544613","20140221",
20140129,"XCBT","AGRICULTURE","3CC","3C","MAR-DEC CORN CSO","O","","C","-20","2014","03","00",30.0,"","230","0","0","0","0","0","0","0","0","0","0","0","0","0","0","0","","","","","","","","","","","","","","","","","","","","","","","","","","","","30","N","","","","","","","","0.54665","0.254926","20140221",
20140129,"XCBT","AGRICULTURE","3CC","3C","MAR-DEC CORN CSO","O","","P","-20","2014","03","00",22.0,"","60","60","0","60","0","0","0","0","0","0","0","0","0","0","0","0","","","","","","","","","","","","","","","","","20","","","","","22","","","20","","","22","","","","","","","","","0.45335","0.254926","20140221",
20140129,"XCBT","AGRICULTURE","3CC","3C","MAR-DEC CORN CSO","O","","P","-30","2014","03","00",1.0,"","150","0","0","0","0","0","0","0","0","0","0","0","0","0","0","0","","","","","","","","","","","","","","","","","","","","","","","","","","","","1","N","","","","","","","","0.04361","0.2503994","20140221",
20140130,"XCBT","AGRICULTURE","3CC","3C","MAR-DEC CORN CSO","O","","C","-20","2014","03","00",46.0,"","230","0","0","0","0","0","0","0","0","0","0","0","0","0","0","0","","","","","","","","","","","","","","","","","","","","","","","","","","","","30","N","","","","","","","","0.68007","0.2829328","20140221",
20140130,"XCBT","AGRICULTURE","3CC","3C","MAR-DEC CORN CSO","O","","P","-20","2014","03","00",14.0,"","60","0","0","0","0","0","0","0","0","0","0","0","0","0","0","0","","","","","","","","","","","","","","","","","","","","","","","","","","","","22","N","","","","","","","","0.31993","0.2829328","20140221",
20140130,"XCBT","AGRICULTURE","3CC","3C","MAR-DEC CORN CSO","O","","P","-30","2014","03","00",1.0,"","150","0","0","0","0","0","0","0","0","0","0","0","0","0","0","0","","","","","","","","","","","","","","","","","","","","","","","","","","","","1","N","","","","","","","","0.03734","0.3027864","20140221",
20140131,"XCBT","AGRICULTURE","3CC","3C","MAR-DEC CORN CSO","O","","C","-20","2014","03","00",50.0,"","230","0","0","0","0","0","0","0","0","0","0","0","0","0","0","0","","","","","","","","","","","","","","","","","","","","","","","","","","","","46","N","","","","","","","","0.74248","0.2561647","20140221",
20140131,"XCBT","AGRICULTURE","3CC","3C","MAR-DEC CORN CSO","O","","P","-20","2014","03","00",10.0,"","60","0","0","0","0","0","0","0","0","0","0","0","0","0","0","0","","","","","","","","","","","","","","","","","","","","","","","","","","","","14","N","","","","","","","","0.25752","0.2561647","20140221",
20140131,"XCBT","AGRICULTURE","3CC","3C","MAR-DEC CORN CSO","O","","P","-30","2014","03","00",1.0,"","150","0","0","0","0","0","0","0","0","0","0","0","0","0","0","0","","","","","","","","","","","","","","","","","","","","","","","","","","","","1","N","","","","","","","","0.03571","0.3237619","20140221",
20140203,"XCBT","AGRICULTURE","3CC","3C","MAR-DEC CORN CSO","O","","C","-20","2014","03","00",40.0,"","230","0","0","0","0","0","0","0","0","0","0","0","0","0","0","0","","","","","","","","","","","","","","","","","","","","","","","","","","","","","","","","","","","","","0.68238","0.2610542","20140221",
20140203,"XCBT","AGRICULTURE","3CC","3C","MAR-DEC CORN CSO","O","","P","-20","2014","03","00",12.0,"","60","0","0","0","0","0","0","0","0","0","0","0","0","0","0","0","","","","","","","","","","","","","","","","","","","","","","","","","","","","","","","","","","","","","0.31762","0.2610542","20140221",
20140203,"XCBT","AGRICULTURE","3CC","3C","MAR-DEC CORN CSO","O","","P","-30","2014","03","00",1.0,"","150","0","0","0","0","0","0","0","0","0","0","0","0","0","0","0","","","","","","","","","","","","","","","","","","","","","","","","","","","","","","","","","","","","","0.0377","0.3229084","20140221",
20140204,"XCBT","AGRICULTURE","3CC","3C","MAR-DEC CORN CSO","O","","C","-20","2014","03","00",34.0,"","230","0","0","0","0","0","0","0","0","0","0","0","0","0","0","0","","","","","","","","","","","","","","","","","","","","","","","","","","","","40","N","","","","","","","","0.69543","0.2265623","20140221",
20140204,"XCBT","AGRICULTURE","3CC","3C","MAR-DEC CORN CSO","O","","P","-20","2014","03","00",10.0,"","60","0","0","0","0","0","0","0","0","0","0","0","0","0","0","0","","","","","","","","","","","","","","","","","","","","","","","","","","","","12","N","","","","","","","","0.30457","0.2265623","20140221",
20140204,"XCBT","AGRICULTURE","3CC","3C","MAR-DEC CORN CSO","O","","P","-30","2014","03","00",1.0,"","150","0","0","0","0","0","0","0","0","0","0","0","0","0","0","0","","","","","","","","","","","","","","","","","","","","","","","","","","","","1","N","","","","","","","","0.03802","0.3264817","20140221",
20140205,"XCBT","AGRICULTURE","3CC","3C","MAR-DEC CORN CSO","O","","C","-20","2014","03","00",72.0,"","230","0","0","0","0","0","0","0","0","0","0","0","0","0","0","0","","","","","","","","","","","","","","","","","","","","","","","","","","","","34","N","","","","","","","","0.78907","0.37166","20140221",
20140205,"XCBT","AGRICULTURE","3CC","3C","MAR-DEC CORN CSO","O","","P","-20","2014","03","00",10.0,"","60","0","0","0","0","0","0","0","0","0","0","0","0","0","0","0","","","","","","","","","","","","","","","","","","","","","","","","","","","","10","N","","","","","","","","0.21093","0.37166","20140221",
20140205,"XCBT","AGRICULTURE","3CC","3C","MAR-DEC CORN CSO","O","","P","-30","2014","03","00",1.0,"","150","0","0","0","0","0","0","0","0","0","0","0","0","0","0","0","","","","","","","","","","","","","","","","","","","","","","","","","","","","1","N","","","","","","","","0.03105","0.4160182","20140221",
20140206,"XCBT","AGRICULTURE","3CC","3C","MAR-DEC CORN CSO","O","","C","-20","2014","03","00",60.0,"","230","0","0","0","0","0","0","0","0","0","0","0","0","0","0","0","","","","","","","","","","","","","","","","","","","","","","","","","","","","72","N","","","","","","","","0.73908","0.3658149","20140221",
20140206,"XCBT","AGRICULTURE","3CC","3C","MAR-DEC CORN CSO","O","","P","-20","2014","03","00",12.0,"","60","0","0","0","0","0","0","0","0","0","0","0","0","0","0","0","","","","","","","","","","","","","","","","","","","","","","","","","","","","10","N","","","","","","","","0.26092","0.3658149","20140221",
20140206,"XCBT","AGRICULTURE","3CC","3C","MAR-DEC CORN CSO","O","","P","-30","2014","03","00",1.0,"","150","0","0","0","0","0","0","0","0","0","0","0","0","0","0","0","","","","","","","","","","","","","","","","","","","","","","","","","","","","1","N","","","","","","","","0.03313","0.396144","20140221",
20140207,"XCBT","AGRICULTURE","3CC","3C","MAR-DEC CORN CSO","O","","C","-20","2014","03","00",55.0,"","230","0","0","0","0","0","0","0","0","0","0","0","0","0","0","0","","","","","","","","","","","","","","","","","","","","","","","","","","","","","","","","","","","","","0.7182","0.3757583","20140221",
20140207,"XCBT","AGRICULTURE","3CC","3C","MAR-DEC CORN CSO","O","","P","-20","2014","03","00",13.0,"","60","0","0","0","0","0","0","0","0","0","0","0","0","0","0","0","","","","","","","","","","","","","","","","","","","","","","","","","","","","","","","","","","","","","0.2818","0.3757583","20140221",
20140207,"XCBT","AGRICULTURE","3CC","3C","MAR-DEC CORN CSO","O","","P","-30","2014","03","00",1.0,"","150","0","0","0","0","0","0","0","0","0","0","0","0","0","0","0","","","","","","","","","","","","","","","","","","","","","","","","","","","","","","","","","","","","","0.03369","0.3977884","20140221",
20140210,"XCBT","AGRICULTURE","3CC","3C","MAR-DEC CORN CSO","O","","C","-20","2014","03","00",56.0,"","230","0","0","0","0","0","0","0","0","0","0","0","0","0","0","0","","","","","","","","","","","","","","","","","","","","","","","","","","","","","","","","","","","","","0.76448","0.3796025","20140221",
20140210,"XCBT","AGRICULTURE","3CC","3C","MAR-DEC CORN CSO","O","","P","-20","2014","03","00",10.0,"","60","0","0","0","0","0","0","0","0","0","0","0","0","0","0","0","","","","","","","","","","","","","","","","","","","","","","","","","","","","","","","","","","","","","0.23552","0.3796025","20140221",
20140210,"XCBT","AGRICULTURE","3CC","3C","MAR-DEC CORN CSO","O","","P","-30","2014","03","00",1.0,"","150","0","0","0","0","0","0","0","0","0","0","0","0","0","0","0","","","","","","","","","","","","","","","","","","","","","","","","","","","","","","","","","","","","","0.03162","0.4574276","20140221",
20140211,"XCBT","AGRICULTURE","3CC","3C","MAR-DEC CORN CSO","O","","C","-20","2014","03","00",64.0,"","230","0","0","0","0","0","0","0","0","0","0","0","0","0","0","0","","","","","","","","","","","","","","","","","","","","","","","","","","","","","","","","","","","","","0.8129","0.3909289","20140221",
20140211,"XCBT","AGRICULTURE","3CC","3C","MAR-DEC CORN CSO","O","","P","-20","2014","03","00",6.0,"","60","0","0","0","0","0","0","0","0","0","0","0","0","0","0","0","","","","","","","","","","","","","","","","","","","","","","","","","","","","","","","","","","","","","0.1871","0.3909289","20140221",
20140211,"XCBT","AGRICULTURE","3CC","3C","MAR-DEC CORN CSO","O","","P","-30","2014","03","00",1.0,"","150","0","0","0","0","0","0","0","0","0","0","0","0","0","0","0","","","","","","","","","","","","","","","","","","","","","","","","","","","","","","","","","","","","","0.02954","0.5040961","20140221",
20140212,"XCBT","AGRICULTURE","3CC","3C","MAR-DEC CORN CSO","O","","C","-20","2014","03","00",32.0,"","230","0","0","0","0","0","0","0","0","0","0","0","0","0","0","0","","","","","","","","","","","","","","","","","","","","","","","","","","","","64","N","","","","","","","","0.68903","0.2905789","20140221",
20140212,"XCBT","AGRICULTURE","3CC","3C","MAR-DEC CORN CSO","O","","P","-20","2014","03","00",10.0,"","60","0","0","0","0","0","0","0","0","0","0","0","0","0","0","0","","","","","","","","","","","","","","","","","","","","","","","","","","","","6","N","","","","","","","","0.31097","0.2905789","20140221",
20140212,"XCBT","AGRICULTURE","3CC","3C","MAR-DEC CORN CSO","O","","P","-30","2014","03","00",1.0,"","150","0","0","0","0","0","0","0","0","0","0","0","0","0","0","0","","","","","","","","","","","","","","","","","","","","","","","","","","","","1","N","","","","","","","","0.03512","0.4309248","20140221",
20140213,"XCBT","AGRICULTURE","3CC","3C","MAR-DEC CORN CSO","O","","C","-20","2014","03","00",50.0,"","230","0","0","0","0","0","0","0","0","0","0","0","0","0","0","0","","","","","","","","","","","","","","","","","","","","","","","","","","","","","","","","","","","","","0.78593","0.3622914","20140221",
20140213,"XCBT","AGRICULTURE","3CC","3C","MAR-DEC CORN CSO","O","","P","-20","2014","03","00",6.0,"","60","0","0","0","0","0","0","0","0","0","0","0","0","0","0","0","","","","","","","","","","","","","","","","","","","","","","","","","","","","","","","","","","","","","0.21407","0.3622914","20140221",
20140213,"XCBT","AGRICULTURE","3CC","3C","MAR-DEC CORN CSO","O","","P","-30","2014","03","00",1.0,"","150","0","0","0","0","0","0","0","0","0","0","0","0","0","0","0","","","","","","","","","","","","","","","","","","","","","","","","","","","","","","","","","","","","","0.03044","0.5135426","20140221",
20140214,"XCBT","AGRICULTURE","3CC","3C","MAR-DEC CORN CSO","O","","C","-20","2014","03","00",60.0,"","230","0","0","0","0","0","0","0","0","0","0","0","0","0","0","0","","","","","","","","","","","","","","","","","","","","","","","","","","","","","","","","","","","","","0.85013","0.3829893","20140221",
20140214,"XCBT","AGRICULTURE","3CC","3C","MAR-DEC CORN CSO","O","","P","-20","2014","03","00",4.0,"","60","0","0","0","0","0","0","0","0","0","0","0","0","0","0","0","","","","","","","","","","","","","","","","","","","","","","","","","","","","","","","","","","","","","0.14987","0.3829893","20140221",
20140214,"XCBT","AGRICULTURE","3CC","3C","MAR-DEC CORN CSO","O","","P","-30","2014","03","00",1.0,"","150","0","0","0","0","0","0","0","0","0","0","0","0","0","0","0","","","","","","","","","","","","","","","","","","","","","","","","","","","","","","","","","","","","","0.02753","0.5834113","20140221",
20140218,"XCBT","AGRICULTURE","3CC","3C","MAR-DEC CORN CSO","O","","C","-20","2014","03","00",57.0,"","230","0","0","0","0","0","0","0","0","0","0","0","0","0","0","0","","","","","","","","","","","","","","","","","","","","","","","","","","","","","","","","","","","","","0.9545","0.3752622","20140221",
20140218,"XCBT","AGRICULTURE","3CC","3C","MAR-DEC CORN CSO","O","","P","-20","2014","03","00",1.0,"","60","0","0","0","0","0","0","0","0","0","0","0","0","0","0","0","","","","","","","","","","","","","","","","","","","","","","","","","","","","","","","","","","","","","0.0455","0.3752622","20140221",
20140218,"XCBT","AGRICULTURE","3CC","3C","MAR-DEC CORN CSO","O","","P","-30","2014","03","00",1.0,"","150","0","0","0","0","0","0","0","0","0","0","0","0","0","0","0","","","","","","","","","","","","","","","","","","","","","","","","","","","","","","","","","","","","","0","0.3752622","20140221",
20140219,"XCBT","AGRICULTURE","3CC","3C","MAR-DEC CORN CSO","O","","C","-20","2014","03","00",56.0,"","230","0","0","0","0","0","0","0","0","0","0","0","0","0","0","0","","","","","","","","","","","","","","","","","","","","","","","","","","","","","","","","","","","","","0.96198","0.4188133","20140221",
20140219,"XCBT","AGRICULTURE","3CC","3C","MAR-DEC CORN CSO","O","","P","-20","2014","03","00",1.0,"","60","0","0","0","0","0","0","0","0","0","0","0","0","0","0","0","","","","","","","","","","","","","","","","","","","","","","","","","","","","","","","","","","","","","0.03802","0.4188133","20140221",
20140219,"XCBT","AGRICULTURE","3CC","3C","MAR-DEC CORN CSO","O","","P","-30","2014","03","00",1.0,"","150","0","0","0","0","0","0","0","0","0","0","0","0","0","0","0","","","","","","","","","","","","","","","","","","","","","","","","","","","","","","","","","","","","","0","0.4188133","20140221",
20140220,"XCBT","AGRICULTURE","3CC","3C","MAR-DEC CORN CSO","O","","C","-20","2014","03","00",71.0,"","230","0","0","0","0","0","0","0","0","0","0","0","0","0","0","0","","","","","","","","","","","","","","","","","","","","","","","","","","","","","","","","","","","","","0.98478","0.617878","20140221",
20140220,"XCBT","AGRICULTURE","3CC","3C","MAR-DEC CORN CSO","O","","P","-20","2014","03","00",1.0,"","60","0","0","0","0","0","0","0","0","0","0","0","0","0","0","0","","","","","","","","","","","","","","","","","","","","","","","","","","","","","","","","","","","","","0.01522","0.617878","20140221",
20140220,"XCBT","AGRICULTURE","3CC","3C","MAR-DEC CORN CSO","O","","P","-30","2014","03","00",1.0,"","150","0","0","0","0","0","0","0","0","0","0","0","0","0","0","0","","","","","","","","","","","","","","","","","","","","","","","","","","","","","","","","","","","","","0","0.617878","20140221",
20140221,"XCBT","AGRICULTURE","3CC","3C","MAR-DEC CORN CSO","O","","C","-20","2014","03","00",87.0,"","0","0","0","0","0","0","0","0","0","0","0","0","0","0","0","0","","","","","","","","","","","","","","","","","","","","","","","","","","","","","","","","","","","","","1","1.0411621","20140221",
20140221,"XCBT","AGRICULTURE","3CC","3C","MAR-DEC CORN CSO","O","","P","-20","2014","03","00",1.0,"","0","0","0","0","0","0","0","0","0","0","0","0","0","0","0","0","","","","","","","","","","","","","","","","","","","","","","","","","","","","","","","","","","","","","0","1.0411621","20140221",
20140221,"XCBT","AGRICULTURE","3CC","3C","MAR-DEC CORN CSO","O","","P","-30","2014","03","00",1.0,"","0","0","0","0","0","0","0","0","0","0","0","0","0","0","0","0","","","","","","","","","","","","","","","","","","","","","","","","","","","","","","","","","","","","","0","1.0411621","20140221",
20140224,"XCBT","AGRICULTURE","3CC","3C","MAR-DEC CORN CSO","O","","C","-20","2014","03","00",87.0,"","0","0","0","0","0","0","0","0","0","0","0","0","0","0","0","0","","","","","","","","","","","","","","","","","","","","","","","","","","","","","","","","","","","","","1","1.0411621","20140221",
20141212,"XCBT","AGRICULTURE","3CC","3C","MAR-DEC CORN CSO","O","","P","-25","2015","03","00",20.0,"","100","100","0","100","0","0","0","0","0","0","0","0","0","0","0","0","","","","","","","","","","","","","","","","","20","","","","","20","","","20","","","20","","","","","","","","","0.44911","0.1339021","20150220",
20141215,"XCBT","AGRICULTURE","3CC","3C","MAR-DEC CORN CSO","O","","P","-25","2015","03","00",14.0,"","500","400","0","400","0","0","0","0","0","0","0","0","0","0","0","0","","","","","","","","","","","","","","","","","14","","","","","14","","","14","","","14","","","","","","","","","0.43531","0.1074874","20150220",
20141216,"XCBT","AGRICULTURE","3CC","3C","MAR-DEC CORN CSO","O","","C","-20","2015","03","00",6.0,"","500","500","0","500","0","0","0","0","0","0","0","0","0","0","0","0","","","","","","","","","","","","","","","","","10","","","","","10","","","10","","","10","","","","","","","","","0.21491","0.1414869","20150220",
20141216,"XCBT","AGRICULTURE","3CC","3C","MAR-DEC CORN CSO","O","","P","-25","2015","03","00",20.0,"","600","100","0","100","0","0","0","0","0","0","0","0","0","0","0","0","","","","","","","","","","","","","","","","","20","","","","","20","","","20","","","20","","","","","","","","","0.48112","0.1241878","20150220",
20141217,"XCBT","AGRICULTURE","3CC","3C","MAR-DEC CORN CSO","O","","C","-20","2015","03","00",6.0,"","500","0","0","0","0","0","0","0","0","0","0","0","0","0","0","0","","","","","","","","","","","","","","","","","","","","","","","","","","","","6","N","","","","","","","","0.23825","0.1248174","20150220",
20141217,"XCBT","AGRICULTURE","3CC","3C","MAR-DEC CORN CSO","O","","P","-25","2015","03","00",16.0,"","600","0","0","0","0","0","0","0","0","0","0","0","0","0","0","0","","","","","","","","","","","","","","","","","","","","","","","","","","","","20","N","","","","","","","","0.41432","0.1368551","20150220",
20141218,"XCBT","AGRICULTURE","3CC","3C","MAR-DEC CORN CSO","O","","C","-20","2015","03","00",10.0,"","500","0","0","0","0","0","0","0","0","0","0","0","0","0","0","0","","","","","","","","","","","","","","","","","","","","","","","","","","","","6","N","","","","","","","","0.26733","0.1442317","20150220",
20141218,"XCBT","AGRICULTURE","3CC","3C","MAR-DEC CORN CSO","O","","P","-25","2015","03","00",20.0,"","1500","1000","0","1000","0","0","0","0","0","0","0","0","0","0","0","0","","","","","","","","","","","","","","","","","20","","","","","20","","","20","","","20","","","","","","","","","0.42269","0.1530654","20150220",
20141219,"XCBT","AGRICULTURE","3CC","3C","MAR-DEC CORN CSO","O","","C","-20","2015","03","00",10.0,"","500","0","0","0","0","0","0","0","0","0","0","0","0","0","0","0","","","","","","","","","","","","","","","","","","","","","","","","","","","","10","N","","","","","","","","0.2488","0.1596956","20150220",
20141219,"XCBT","AGRICULTURE","3CC","3C","MAR-DEC CORN CSO","O","","P","-25","2015","03","00",20.0,"","1475","25","0","25","0","0","0","0","0","0","0","0","0","0","0","0","","","","","","","","","","","","","","","","","20","","","","","20","","","20","","","20","","","","","","","","","0.46426","0.134157","20150220",
20141222,"XCBT","AGRICULTURE","3CC","3C","MAR-DEC CORN CSO","O","","C","-20","2015","03","00",13.0,"","500","0","0","0","0","0","0","0","0","0","0","0","0","0","0","0","","","","","","","","","","","","","","","","","","","","","","","","","","","","10","N","","","","","","","","0.32158","0.159714","20150220",
20141222,"XCBT","AGRICULTURE","3CC","3C","MAR-DEC CORN CSO","O","","P","-25","2015","03","00",13.0,"","1475","0","0","0","0","0","0","0","0","0","0","0","0","0","0","0","","","","","","","","","","","","","","","","","","","","","","","","","","","","20","N","","","","","","","","0.35938","0.1369799","20150220",
20141223,"XCBT","AGRICULTURE","3CC","3C","MAR-DEC CORN CSO","O","","C","-20","2015","03","00",13.0,"","500","0","0","0","0","0","0","0","0","0","0","0","0","0","0","0","","","","","","","","","","","","","","","","","","","","","","","","","","","","13","N","","","","","","","","0.32156","0.1610394","20150220",
20141223,"XCBT","AGRICULTURE","3CC","3C","MAR-DEC CORN CSO","O","","P","-25","2015","03","00",16.0,"","2225","850","0","850","0","0","0","0","0","0","0","0","0","0","0","0","","","","","","","","","","","","","","","","","16","","","","","16","","","16","","","16","","","","","","","","","0.37982","0.1625913","20150220",
20141224,"XCBT","AGRICULTURE","3CC","3C","MAR-DEC CORN CSO","O","","C","-20","2015","03","00",7.0,"","500","0","0","0","0","0","0","0","0","0","0","0","0","0","0","0","","","","","","","","","","","","","","","","","","","","","","","","","","","","13","N","","","","","","","","0.23523","0.1564102","20150220",
20141224,"XCBT","AGRICULTURE","3CC","3C","MAR-DEC CORN CSO","O","","P","-25","2015","03","00",23.0,"","2225","0","0","0","0","0","0","0","0","0","0","0","0","0","0","0","","","","","","","","","","","","","","","","","","","","","","","","","","","","16","N","","","","","","","","0.46937","0.1631853","20150220",
20141226,"XCBT","AGRICULTURE","3CC","3C","MAR-DEC CORN CSO","O","","C","-20","2015","03","00",10.0,"","500","0","0","0","0","0","0","0","0","0","0","0","0","0","0","0","","","","","","","","","","","","","","","","","","","","","","","","","","","","7","N","","","","","","","","0.25438","0.1642093","20150220",
20141226,"XCBT","AGRICULTURE","3CC","3C","MAR-DEC CORN CSO","O","","P","-25","2015","03","00",22.0,"","2225","0","0","0","0","0","0","0","0","0","0","0","0","0","0","0","","","","","","","","","","","","","","","","","","","","","","","","","","","","23","N","","","","","","","","0.45392","0.1654178","20150220",
20141229,"XCBT","AGRICULTURE","3CC","3C","MAR-DEC CORN CSO","O","","C","-20","2015","03","00",11.0,"","500","0","0","0","0","0","0","0","0","0","0","0","0","0","0","0","","","","","","","","","","","","","","","","","","","","","","","","","","","","10","N","","","","","","","","0.27243","0.173364","20150220",
20141229,"XCBT","AGRICULTURE","3CC","3C","MAR-DEC CORN CSO","O","","P","-25","2015","03","00",21.0,"","2225","0","0","0","0","0","0","0","0","0","0","0","0","0","0","0","","","","","","","","","","","","","","","","","","","","","","","","","","","","22","N","","","","","","","","0.43833","0.169073","20150220",
20141230,"XCBT","AGRICULTURE","3CC","3C","MAR-DEC CORN CSO","O","","C","-20","2015","03","00",10.0,"","500","0","0","0","0","0","0","0","0","0","0","0","0","0","0","0","","","","","","","","","","","","","","","","","","","","","","","","","","","","11","N","","","","","","","","0.25424","0.1702931","20150220",
20141230,"XCBT","AGRICULTURE","3CC","3C","MAR-DEC CORN CSO","O","","P","-25","2015","03","00",20.0,"","2225","100","0","100","0","0","0","0","0","0","0","0","0","0","0","0","","","","","","","","","","","","","","","","","20","","","","","20","","","20","","","20","","","","","","","","","0.44899","0.154981","20150220",
